ip,cluster_persona,Churn_Probability,membership,email_body
78.85.4.251,High-Traffic System Consumers,0.9997696,Normal,"Hi Sofia,

As a valued High-Traffic System Consumer, we appreciate the significant impact you've made on our platform with your consistent high-volume browsing and purchases. We're grateful for your loyalty and want to ensure you continue to enjoy the benefits of shopping with us.

We've noticed that your total spend has been on a slight decline lately, and we're worried that you might be facing some challenges with your budget. Please know that you're not alone – we understand that unexpected expenses can pop up, and it's okay to adjust our plans to fit your changing needs.

To help you stay on track and make the most of your membership, we're willing to offer you a special discount on our premium shipping services. As a Normal member, you'll receive 20% off your next three orders, which will not only save you time but also ensure that your purchases arrive quickly and securely. This way, you can shop with confidence, knowing that you're getting the best possible experience from our platform.

Additionally, we'd like to give you an exclusive access to our curated content feed, tailored to your heavy usage patterns. This will ensure that you're always discovering new products and brands that resonate with your interests and preferences.

If you're facing any difficulties or have any questions, please don't hesitate to reach out to our customer support team. We're here to help and want to ensure that you feel supported every step of the way.

To take advantage of this offer, simply reply to this email or visit your account settings to apply the discount code: TSTRAVEL20. If you have any questions or need assistance, our support team is just a click away.

Thank you for being an integral part of our community, Sofia. We're committed to helping you achieve your shopping goals and look forward to continuing our journey together.

Best regards,
[Your Name]
Customer Retention Specialist"
23.239.0.245,Dormant Casual Browsers,0.50378305,Premium,"Dear Yumi, 

We've been missing you here at our platform, and we wanted to take a moment to welcome you back with a special surprise. As one of our valued Premium members in Japan, we've noticed that you've been browsing our site less frequently lately, and we're hoping to help you find your way back to the products you love.

We know that sometimes life gets busy, and storage space can become a challenge. We've noticed that your Total Bytes are getting close to the threshold for a Premium upgrade, and we're worried that you might not have the space to keep exploring all the great deals and discounts we have for you. That's why we're offering you a chance to breathe new life into your account with a 10% discount on your next purchase, up to ¥5,000. This way, you can restock your favorites without breaking the bank.

As someone who's been a part of our community for a while now, we think you'll love some of the new arrivals we've added to our platform. We've curated a special selection of products just for you, including a limited-edition collaboration with a popular Japanese brand. You can browse them here: [link to curated products]. 

We value your loyalty and would love to have you back. If you have any questions or need help with anything, please don't hesitate to reach out. We're here to help.

Best regards,
[Your Name]
Senior Customer Retention Specialist"
79.133.47.141,High-Traffic System Consumers,0.9997696,Normal,"Hi Rachel,

As a valued High-Traffic System Consumer, we've noticed that you've been using our platform extensively, and we're grateful for the trust you've placed in us. However, based on your current activity, it seems like we might be running low on bandwidth - we've detected that you're reaching your Total Bytes limit, which could impact your browsing experience.

We understand that as a busy CA-based user, you rely heavily on our platform for your digital needs, and we don't want you to miss out on anything. That's why we're offering you a special upgrade to our premium bandwidth package, tailored specifically to your High-Traffic System Consumer profile. This upgrade will not only boost your Total Bytes limit but also provide you with priority CDN routing and a curated content feed that's optimized for your heavy usage patterns.

As a Normal membership tier user, we're happy to offer you this exclusive deal at a discounted rate of 20% off our usual premium package price. This means you'll enjoy enhanced browsing speeds, reduced lag times, and a more seamless experience - all for a fraction of what you'd normally pay.

We want to make sure you stay connected to the content and services that matter most to you. To take advantage of this offer, simply click the link below to upgrade your membership tier and enjoy the benefits of our premium bandwidth package.

[Insert CTA button: Upgrade to Premium Bandwidth Package]

Best regards,
The [Platform Name] Team"
79.133.47.141,High-Traffic System Consumers,0.9997696,Normal,"Hi Rachel,

As a valued High-Traffic System Consumer, we've noticed that you've been using our platform extensively, and we're grateful for the trust you've placed in us. However, based on your current activity, it seems like we might be running low on bandwidth - we've detected that you're reaching your Total Bytes limit, which could impact your browsing experience.

We understand that as a busy CA-based user, you rely heavily on our platform for your digital needs, and we don't want you to miss out on anything. That's why we're offering you a special upgrade to our premium bandwidth package, tailored specifically to your High-Traffic System Consumer profile. This upgrade will not only boost your Total Bytes limit but also provide you with priority CDN routing and a curated content feed that's optimized for your heavy usage patterns.

As a Normal membership tier user, we're happy to offer you this exclusive deal at a discounted rate of 20% off our usual premium package price. This means you'll enjoy enhanced browsing speeds, reduced lag times, and a more seamless experience - all for a fraction of what you'd normally pay.

We want to make sure you stay connected to the content and services that matter most to you. To take advantage of this offer, simply click the link below to upgrade your membership tier and enjoy the benefits of our premium bandwidth package.

[Insert CTA button: Upgrade to Premium Bandwidth Package]

Best regards,
The [Platform Name] Team"
